{
  "exportedBy": null,
  "bundleHash": null,
  "version": "1.0.0.0",
  "jitAssemblyCompilerCommands": [
    {
      "providerName": "TypedDataTable",
      "typedDataTableDto": {
        "id": 1,
        "idRef": "ReadRangeConnections`1_1",
        "hash": "ReadRangeConnections`1_1|DataTable|T1PNoYwrqgwDVLtfmj7L5e0Sq02OEbqHPC8RFhICuUU",
        "dataType": "System.Data.DataTable, System.Data.Common",
        "columns": [],
        "rowExtensionProperties": [
          {
            "columnName": "SheetsRowIndex",
            "dataType": "System.Int32, System.Private.CoreLib",
            "descriptionKey": "General_RowExtensions_Property_SheetsRowIndex_Description",
            "category": "Simplified"
          }
        ],
        "nestedRowExtensionProperties": [],
        "resourceManager": {
          "resourceManagerName": "UiPath.GSuite.Properties.UiPath.GSuite",
          "resourceManagerAssemblyName": "UiPath.GSuite"
        }
      },
      "entityAssemblyKey": {
        "name": "Studio.Generated.TypedDataTable1",
        "hash": "ReadRangeConnections`1_1|DataTable|T1PNoYwrqgwDVLtfmj7L5e0Sq02OEbqHPC8RFhICuUU|M8QgJnMcDYq2DQeuuBU0Jk546eYbnq2FCcwUoYRi4Ss|HT8aFX0uTakdBZzx1gQ7QazRUYM25L1273kAdp3Xng",
        "assemblyName": "Studio.Generated.TypedDataTable1"
      }
    }
  ]
}